{
  "htriplet_loss": [
    5676.212804685561,
    5676.212804685561,
    5626.249094413855,
    5529.312082701887,
    5389.431615442013,
    5211.317353584166,
    5000.027568471424,
    4761.430572213837,
    4503.100926158251,
    4232.94163124677,
    3959.097755226207,
    3684.6940349655115,
    3412.9417611640083,
    3149.6397631253944,
    2902.5922121942676,
    2673.5095709160623,
    2461.0410512008802,
    2266.592064023485,
    2089.5961081701944,
    1930.152958773926,
    1784.0342809794245,
    1650.0580934029897,
    1526.1345469251428,
    1411.9030095293185,
    1308.4714678268297,
    1214.568484039242,
    1130.4041670379906,
    1054.4903460642504,
    986.483994937483,
    925.2256979168498,
    869.7477500972828,
    819.1273522304374,
    773.1665504542959,
    731.5461765372162,
    694.0014010787366,
    660.0992797178418,
    629.4375051525428,
    601.6177002256395,
    576.3781091143161,
    553.4886273116623,
    532.7867522537807,
    513.9564479755546,
    496.7990624482797,
    480.9783115511226,
    466.31454590451614,
    452.66804530817535,
    439.90060869274464,
    427.9368718722007,
    416.6833911852197,
    406.0109430776813,
    395.8301712360609,
    386.09014365822856,
    376.758497748709,
    367.8243104023971,
    359.2871442037385,
    351.1092637595481,
    343.24319291264635,
    335.64174605021105,
    328.286889344206,
    321.1475568567156,
    314.20588430347124,
    307.43312668379536,
    300.80495470320454,
    294.3256427443868,
    287.971146400399,
    281.7488903136803,
    275.64269720412966,
    269.6319794281066,
    263.7229953620023,
    257.91121923975396,
    252.1977720209073,
    246.583439503825,
    241.07103447753988,
    235.66790077094913,
    230.3717158197192,
    225.2161426755479,
    220.19245251119847,
    215.29265109163873,
    210.52165358830058,
    205.88851779944633,
    201.38866961169757,
    197.0215957139279,
    192.7934246480814,
    188.72671041492947,
    184.8335136039433,
    181.08044576056392,
    177.43447359598167,
    173.87624627828302,
    170.42342669184006,
    167.08020250362068,
    163.8430568547345,
    160.73892581467533,
    157.77857275224562,
    154.95526362753523,
    152.25813074472163,
    149.68968402511558,
    147.26022810241173,
    144.93563625798706,
    142.73874655365083,
    140.6499023058265,
    138.67026646988677,
    136.78667211641874
  ],
  "kl_loss": [
    1.4466468085847808,
    1.6204513128646933,
    1.9283335182791106,
    2.1737062926926125,
    2.317279618856201,
    2.3877017969046612,
    2.391344149740007,
    2.3737118504506487,
    2.3551801306489395,
    2.337320193332854,
    2.3194619206404212,
    2.317542181529051
  ],
  "new_loss": [
    5.703806412098952,
    4.589774629284349,
    3.2663592290136787,
    2.8260171052655747,
    2.7168696830465366,
    2.6845744253317068,
    2.6269985629676107,
    2.562860179466329,
    2.5062216328577125,
    2.4602024859739045,
    2.4234646204928363,
    2.420132185616365
  ]
}