{
  "htriplet_loss": [
    8581.27204390129,
    8581.27204390129,
    8178.118918247654,
    7422.83698288195,
    6395.85952033937,
    5198.923604197151,
    3950.209343720237,
    2767.524293582205,
    1751.8661059147057,
    997.250526080262,
    553.3934511673989,
    313.52967720334254,
    184.65656055125677,
    118.11825498314687,
    90.5060601092689,
    83.10118670530781,
    85.46291824980065,
    90.17434002860303,
    95.43545564768402,
    99.90170957091726,
    102.67585564475891,
    103.99111318585436,
    103.90661476438271,
    102.58109505099831,
    100.2305834583192,
    97.15015807799087,
    93.55319133479236,
    89.43496084804158,
    84.84000616946375,
    79.91940691929251,
    74.78622583280443,
    69.49620907395665,
    64.32159239816,
    59.40332484034657,
    54.8603255249715,
    50.67579374767722,
    46.825226595654925,
    43.296712828461544,
    40.14634385268004,
    37.37628073394103,
    34.88175166637404,
    32.59488605271055,
    30.55406957289674,
    28.769947468282336,
    27.17042622012929,
    25.7464451571495,
    24.462781304361446,
    23.298978561305276,
    22.227461286985605,
    21.22042176936389,
    20.31830566542951,
    19.527065867855914,
    18.831211235690276,
    18.23306478550758,
    17.73194058908303,
    17.30063035720926,
    16.909076249508086,
    16.528479267042865,
    16.15120219344365,
    15.79006744839109,
    15.437990326784771,
    15.117553770500297,
    14.811719457987685,
    14.523484105308992,
    14.261970513171347,
    14.012252129741192,
    13.772958119305201,
    13.532747558346504,
    13.304503373329167,
    13.095707731568707,
    12.895768446753396,
    12.705245742099287,
    12.534853552944108,
    12.378561248760374,
    12.232525251957378,
    12.088205879531264,
    11.957345474296394,
    11.838583973794575,
    11.728934176097335,
    11.614465364501205,
    11.519061862914453,
    11.412510163905429,
    11.31272434907762,
    11.212624276775022,
    11.122525026562194,
    11.032893694853621,
    10.933440616630222,
    10.833757887758901,
    10.737881275903028,
    10.638798360932565,
    10.538145415142822,
    10.44774345318166,
    10.354971500379227,
    10.256805157696785,
    10.15068460116809,
    10.058651669023162,
    9.970573506051949,
    9.900692041933992,
    9.81944646854371,
    9.734608894958315,
    9.651707808120483,
    9.589376500153238
  ],
  "kl_loss": [
    2.7333963325390034,
    4.421770765269441,
    5.453505686432429,
    5.340200650771374,
    5.310156548360011,
    5.2605359302021615,
    5.221526381183102,
    5.166686206721003,
    5.123607231949386,
    5.0971503840087085,
    5.085122305043672,
    5.084246334669125
  ],
  "new_loss": [
    45.639756552045455,
    7.188738021106436,
    5.966884964656224,
    5.714131779935396,
    5.484565306691881,
    5.362127458529309,
    5.298716332817026,
    5.23116504895477,
    5.181202541263958,
    5.149841111084423,
    5.133380844084274,
    5.132193217169891
  ]
}