{
  "htriplet_loss": [
    3934.1587852483735,
    3934.1587852483735,
    3902.533834502148,
    3841.2177857119414,
    3752.710281332379,
    3639.456705319428,
    3504.682042388722,
    3351.601175976498,
    3184.2035005232838,
    3006.3647703813654,
    2822.3200269083773,
    2633.679949114719,
    2443.797413691808,
    2255.460641454758,
    2073.036879310794,
    1901.0164960176483,
    1743.6661507961287,
    1601.0994978781885,
    1474.3146540864898,
    1361.1838341166933,
    1262.0444465333112,
    1175.118518077353,
    1099.2013646603289,
    1032.066280937107,
    971.4366204889312,
    915.4479261234096,
    863.0738452264609,
    813.873787395031,
    768.4667414276657,
    727.0360954870665,
    688.3664119010306,
    652.2064381363475,
    617.9604586192764,
    585.4364836423432,
    553.9588128377324,
    523.5033139505999,
    493.91118920458456,
    465.4084533846769,
    438.0152990220167,
    411.75472757649817,
    386.89409430241966,
    363.73406133963823,
    342.05643707569993,
    321.75235902390676,
    303.04307921899226,
    285.97468242716667,
    270.43592128322337,
    256.38635123278385,
    243.66575303688012,
    232.03029218712166,
    221.41840124064896,
    211.72980967170392,
    202.72556090548278,
    194.30923366240967,
    186.51289799437575,
    179.18653623088935,
    172.24679398888597,
    165.67448573466316,
    159.391958552938,
    153.42572820141538,
    147.80514291841013,
    142.48700345198202,
    137.47848229090786,
    132.73990595940305,
    128.25449769493008,
    124.01158639892844,
    119.98057186738976,
    116.12636447504225,
    112.42828338412232,
    108.86990208646154,
    105.46640520928314,
    102.2077022184926,
    99.08168725340497,
    96.09163631726713,
    93.21536828683239,
    90.4434597478345,
    87.78882891667946,
    85.24999782802973,
    82.81680626897362,
    80.48136133453033,
    78.23782816951848,
    76.07961866444404,
    74.01928340278302,
    72.05672314394089,
    70.15108631409902,
    68.31490459104286,
    66.54442093437235,
    64.84493543794277,
    63.187706871253134,
    61.58509332303738,
    60.04388923824879,
    58.56264898931278,
    57.15459890159044,
    55.7988231525745,
    54.488572099964216,
    53.23006796564058,
    52.024741011018925,
    50.87180250270037,
    49.770572350065606,
    48.71456825436784,
    47.688833007684416,
    46.70039531553659
  ],
  "kl_loss": [
    1.7411688593899957,
    1.7951012163316769,
    1.903490766346545,
    2.018360407266794,
    2.0909177449731757,
    2.115932815259921,
    2.0840633191995117,
    2.064486473183843,
    2.053915678063058,
    2.046649731379331,
    2.0429356483791867,
    2.042730088007735
  ],
  "new_loss": [
    4.691787948326276,
    3.91184123651296,
    2.8500241012465284,
    2.5346352161925667,
    2.3810883156999907,
    2.2819966161904075,
    2.1949171763883193,
    2.143586277090805,
    2.112594049190197,
    2.0916826483080175,
    2.07870227313495,
    2.0777553844943877
  ]
}