{
  "mnist": {
    "tsne": {
      "knn10": [
        0.9479900000000001,
        0.0006744627491566955
      ],
      "auc_rnx": [
        0.4013391877869134,
        0.0014139087657645906
      ],
      "auc_knn": [
        0.07595383297854277,
        0.005377081379837005
      ]
    },
    "catsne": {
      "knn10": [
        0.9463800000000001,
        0.004238112787550603
      ],
      "auc_rnx": [
        0.2914963208159613,
        0.008121910606034967
      ],
      "auc_knn": [
        0.06838796069625193,
        0.01022024215951344
      ]
    },
    "umap": {
      "knn10": [
        0.98891,
        0.0003832753579347463
      ],
      "auc_rnx": [
        0.26626749529667043,
        0.005473392589110859
      ],
      "auc_knn": [
        0.15704895959330328,
        0.0015140066348375988
      ]
    },
    "hc-tsne": {
      "knn10": [
        0.99986,
        0.00010198039027184446
      ],
      "auc_rnx": [
        0.34292506416919893,
        0.002550178240358494
      ],
      "auc_knn": [
        0.1656490775080064,
        0.0021089561486476293
      ]
    }
  },
  "fmnist": {
    "tsne": {
      "knn10": [
        0.8354699999999999,
        0.0010742904635153356
      ],
      "auc_rnx": [
        0.46475615056429265,
        0.005910631174431305
      ],
      "auc_knn": [
        0.009551728768109485,
        0.0013223066210101585
      ]
    },
    "catsne": {
      "knn10": [
        0.8394699999999998,
        0.0029003620463659476
      ],
      "auc_rnx": [
        0.346980480777358,
        0.010233137458116335
      ],
      "auc_knn": [
        0.009030564027931391,
        0.004131623004614503
      ]
    },
    "umap": {
      "knn10": [
        0.9699500000000001,
        0.0011766477807738538
      ],
      "auc_rnx": [
        0.2909791713658635,
        0.006714370860898344
      ],
      "auc_knn": [
        0.1689927431475196,
        0.005127942753026821
      ]
    },
    "hc-tsne": {
      "knn10": [
        0.9890500000000001,
        0.0028050846689538634
      ],
      "auc_rnx": [
        0.3685013889473352,
        0.0034357046745321484
      ],
      "auc_knn": [
        0.19869159893526372,
        0.0038851391337033346
      ]
    }
  },
  "cifar10": {
    "tsne": {
      "knn10": [
        0.42380000000000007,
        0.0038809792578677936
      ],
      "auc_rnx": [
        0.26177531047302766,
        0.003993631769432018
      ],
      "auc_knn": [
        -0.013561775492166162,
        0.0004975925744003421
      ]
    },
    "catsne": {
      "knn10": [
        0.41812999999999995,
        0.005595900285030104
      ],
      "auc_rnx": [
        0.1886074158288924,
        0.013524067080446268
      ],
      "auc_knn": [
        -0.016807864991876198,
        0.0021279118708943156
      ]
    },
    "umap": {
      "knn10": [
        0.66148,
        0.0036090996107062535
      ],
      "auc_rnx": [
        0.17821383168930982,
        0.0019516987511864854
      ],
      "auc_knn": [
        0.12132085785875454,
        0.0027927797445131174
      ]
    },
    "hc-tsne": {
      "knn10": [
        0.9964300000000001,
        0.005432319946394893
      ],
      "auc_rnx": [
        0.07596836793908078,
        0.0019809817333046164
      ],
      "auc_knn": [
        0.5051366556287611,
        0.006469102433623851
      ]
    }
  }
}