{
  "mnist": {
    "tsne": {
      "knn10": [
        0.9478,
        0.9468,
        0.949,
        0.9476,
        0.948,
        0.9482,
        0.9491,
        0.9472,
        0.9481,
        0.9481
      ],
      "auc_rnx": [
        0.4031287640637994,
        0.4039715261639189,
        0.398886285785043,
        0.3999260446050945,
        0.40187349572992764,
        0.40126625346582984,
        0.4010785510321886,
        0.40093709938488137,
        0.40036737327153404,
        0.4019564843669178
      ],
      "auc_knn": [
        0.06611970475279062,
        0.065018808644951,
        0.07915096983715302,
        0.08199528079749026,
        0.07694019620356173,
        0.07756724448709121,
        0.07943712312943964,
        0.07825912742240193,
        0.07781128627555631,
        0.07723858823499198
      ]
    },
    "hc-tsne": {
      "knn10": [
        0.9999,
        0.9996,
        0.9999,
        0.9999,
        0.9999,
        0.9999,
        1.0,
        0.9998,
        0.9998,
        0.9999
      ],
      "auc_rnx": [
        0.3385703562122978,
        0.3387108791955768,
        0.3414742187137869,
        0.34338526403150466,
        0.3468038855275425,
        0.3435848769994015,
        0.34399174919833186,
        0.3436985194818005,
        0.3431517691913077,
        0.34587912314043895
      ],
      "auc_knn": [
        0.16147287367494115,
        0.16152555533598628,
        0.16635914300049426,
        0.16698427392917387,
        0.16738562781360175,
        0.16649351029051054,
        0.16681351407769715,
        0.16709286202641882,
        0.16611309612527114,
        0.166250318805969
      ]
    },
    "catsne": {
      "knn10": [
        0.9483,
        0.9516,
        0.9494,
        0.9486,
        0.9476,
        0.9362,
        0.9428,
        0.9482,
        0.9431,
        0.948
      ],
      "auc_rnx": [
        0.28192195928202923,
        0.299551601990759,
        0.2958494141523245,
        0.30273022767708285,
        0.29767508376909385,
        0.28392352945483174,
        0.276438329375674,
        0.2889851049401079,
        0.296892930228901,
        0.2909950272888086
      ],
      "auc_knn": [
        0.07002393955701881,
        0.08512789190384486,
        0.07371360289792228,
        0.07275685472118724,
        0.07780852188166419,
        0.055699107373751305,
        0.0514747016984042,
        0.07401145184586166,
        0.0563661323354338,
        0.06689740274743092
      ]
    },
    "umap": {
      "knn10": [
        0.9888,
        0.9887,
        0.9893,
        0.9896,
        0.9893,
        0.9884,
        0.9883,
        0.9889,
        0.9889,
        0.9889
      ],
      "auc_rnx": [
        0.2642818677961797,
        0.26523667358981196,
        0.2670475539751092,
        0.2568173213689145,
        0.27025395590250556,
        0.2753383785938881,
        0.2627601800183802,
        0.2635626019257311,
        0.27481807354463783,
        0.2625583462515464
      ],
      "auc_knn": [
        0.15730700939060688,
        0.15756695510474183,
        0.1576275742231921,
        0.15811977445092934,
        0.15850829045499398,
        0.1572047722887859,
        0.15621740144080004,
        0.1572252273467877,
        0.15285638497919468,
        0.15785620625300048
      ]
    }
  },
  "fmnist": {
    "tsne": {
      "knn10": [
        0.8343,
        0.8379,
        0.8347,
        0.8361,
        0.8363,
        0.8341,
        0.8352,
        0.836,
        0.8351,
        0.835
      ],
      "auc_rnx": [
        0.4587919868966441,
        0.4661252015940338,
        0.4690661073486355,
        0.4680677338313881,
        0.46665429564321986,
        0.46793772893395347,
        0.4490209957979771,
        0.467097866205168,
        0.46650931260968026,
        0.4682902767822265
      ],
      "auc_knn": [
        0.011829555864102625,
        0.008012364089522083,
        0.010420339285071469,
        0.010253971175140405,
        0.008012469929341976,
        0.010254765649807896,
        0.0093500691420043,
        0.008579111319451611,
        0.007855662288271502,
        0.010948978938380967
      ]
    },
    "hc-tsne": {
      "knn10": [
        0.9895,
        0.9924,
        0.9888,
        0.9879,
        0.985,
        0.987,
        0.9872,
        0.9867,
        0.9914,
        0.9946
      ],
      "auc_rnx": [
        0.3658013608911965,
        0.3710198118722253,
        0.37130713836457524,
        0.3707486495017267,
        0.37007274829373454,
        0.3696484628466637,
        0.35940667074857346,
        0.36960416923766565,
        0.3700607165249878,
        0.36734416119200297
      ],
      "auc_knn": [
        0.20227010156047887,
        0.20270492548911112,
        0.1973222270188548,
        0.19578881147121763,
        0.19447114065557278,
        0.19556940390269545,
        0.197806765515529,
        0.1932747500658182,
        0.20324388201421037,
        0.20446398165914886
      ]
    },
    "catsne": {
      "knn10": [
        0.842,
        0.8383,
        0.8331,
        0.8404,
        0.8379,
        0.8414,
        0.8387,
        0.8396,
        0.8447,
        0.8386
      ],
      "auc_rnx": [
        0.3418764965082642,
        0.3417361451018641,
        0.3518036178389097,
        0.34736806798887165,
        0.3493327570997915,
        0.3525739067020747,
        0.32617335052566293,
        0.3393138906387032,
        0.3673069409302616,
        0.35231963443917585
      ],
      "auc_knn": [
        0.009262579128521284,
        0.009099713336765956,
        0.005124521139271323,
        0.010730572737177795,
        0.007330790801678038,
        0.011162334164013056,
        0.014651298176771842,
        -0.0007384928689497036,
        0.010783438986441853,
        0.012898884677622477
      ]
    },
    "umap": {
      "knn10": [
        0.9702,
        0.9713,
        0.9716,
        0.9708,
        0.97,
        0.9682,
        0.9696,
        0.9697,
        0.9704,
        0.9677
      ],
      "auc_rnx": [
        0.2845960816957551,
        0.30824886371228466,
        0.2861267517952753,
        0.2944135908890171,
        0.2959365409437932,
        0.2863018237710663,
        0.28659080104009355,
        0.28867162315048017,
        0.2888182845506405,
        0.29008735211022907
      ],
      "auc_knn": [
        0.16197027014152143,
        0.1790323781558717,
        0.16165987938999937,
        0.17360729682183842,
        0.1679236275838395,
        0.16909086349931743,
        0.1716323027743386,
        0.1646168695245388,
        0.17214826112555984,
        0.1682456824583712
      ]
    }
  },
  "cifar10": {
    "tsne": {
      "knn10": [
        0.4184,
        0.427,
        0.421,
        0.42,
        0.4278,
        0.4218,
        0.4252,
        0.4295,
        0.4195,
        0.4278
      ],
      "auc_rnx": [
        0.26130527703489737,
        0.26859561626408895,
        0.264915599450525,
        0.2577211146824198,
        0.25843227102222416,
        0.2687641449260416,
        0.25993301571334043,
        0.2608231296088002,
        0.25971949770911923,
        0.25754343831881926
      ],
      "auc_knn": [
        -0.013731087738179576,
        -0.012769710080365197,
        -0.013451800931535293,
        -0.014172090094686575,
        -0.013944676446402222,
        -0.012928387433323755,
        -0.01329552230058862,
        -0.013370562644094587,
        -0.014443526076324336,
        -0.01351039117616146
      ]
    },
    "hc-tsne": {
      "knn10": [
        0.9986,
        0.9825,
        0.9994,
        0.999,
        0.9988,
        0.9896,
        0.9991,
        0.9994,
        0.999,
        0.9989
      ],